{
    "name": "moai",
    "vendorId": "0xFEED",
    "productId": "0x1972",
    "matrix": {
        "rows": 4,
        "cols": 10
    },
    "layouts": {
        "keymap":
        [
            [
              {
                "r": 10,
                "y": 3.5,
                "x": 4.5,
                "w": 1.25
              },
              "3,3",
              {
                "w": 1.25
              },
              "3,4"
            ],
            [
              {
                "rx": 1,
                "y": -0.1,
                "x": 2
              },
              "0,2"
            ],
            [
              {
                "y": -0.65,
                "x": 1
              },
              "0,1",
              {
                "x": 1
              },
              "0,3"
            ],
            [
              {
                "y": -0.75
              },
              "0,0"
            ],
            [
              {
                "y": -0.9,
                "x": 4
              },
              "0,4"
            ],
            [
              {
                "y": -0.7,
                "x": 2
              },
              "1,2"
            ],
            [
              {
                "y": -0.6500000000000001,
                "x": 1
              },
              "1,1",
              {
                "x": 1
              },
              "1,3"
            ],
            [
              {
                "y": -0.75
              },
              "1,0"
            ],
            [
              {
                "y": -0.8999999999999999,
                "x": 4
              },
              "1,4"
            ],
            [
              {
                "y": -0.7,
                "x": 2
              },
              "2,2"
            ],
            [
              {
                "y": -0.6499999999999999,
                "x": 1
              },
              "2,1",
              {
                "x": 1
              },
              "2,3"
            ],
            [
              {
                "y": -0.75
              },
              "2,0"
            ],
            [
              {
                "y": -0.8999999999999999,
                "x": 4
              },
              "2,4"
            ],
            [
              {
                "r": -10,
                "rx": 0,
                "y": 5.75,
                "x": 5.75,
                "w": 1.25
              },
              "3,5",
              {
                "w": 1.25
              },
              "3,6"
            ],
            [
              {
                "rx": 7,
                "ry": 0.965,
                "y": -0.20000000000000007,
                "x": 2
              },
              "0,7"
            ],
            [
              {
                "y": -0.6500000000000001,
                "x": 1
              },
              "0,6",
              {
                "x": 1
              },
              "0,8"
            ],
            [
              {
                "y": -0.75,
                "x": 4
              },
              "0,9"
            ],
            [
              {
                "y": -0.8999999999999999
              },
              "0,5"
            ],
            [
              {
                "y": -0.7,
                "x": 2
              },
              "1,7"
            ],
            [
              {
                "y": -0.6499999999999999,
                "x": 1
              },
              "1,6",
              {
                "x": 1
              },
              "1,8"
            ],
            [
              {
                "y": -0.75,
                "x": 4
              },
              "1,9"
            ],
            [
              {
                "y": -0.8999999999999999
              },
              "1,5"
            ],
            [
              {
                "y": -0.7000000000000002,
                "x": 2
              },
              "2,7"
            ],
            [
              {
                "y": -0.6499999999999999,
                "x": 1
              },
              "2,6",
              {
                "x": 1
              },
              "2,8"
            ],
            [
              {
                "y": -0.75,
                "x": 4
              },
              "2,9"
            ],
            [
              {
                "y": -0.8999999999999999
              },
              "2,5"
            ]
          ]
    }
}
